﻿pos_x,pos_y,rotation,side,designator,mpn,pack,footprint,value,mount_type
125.095,-62.23,90.0,top,C1,,,C_C,100nF,tht
127.635,-54.61,-90.0,top,C2,,,C_C,100nF,tht
160.655,-54.61,-90.0,top,C3,,,C_C,100nF,tht
153.67,-77.47,90.0,top,C4,,,C_C,100nF,tht
136.525,-77.47,-90.0,top,C5,,,C_C,100nF,tht
152.4,-95.885,-90.0,top,C6,,,C_C,100nF,tht
157.48,-107.95,90.0,top,D1,,,LED-5MM,BUSY,tht
161.925,-87.52,0.0,bottom,M1,,,SD_MODULE,SD,tht
120.65,-33.02,0.0,top,P1,,,BUS_CART,CONN_02X18,tht
189.23,-77.47,90.0,top,R1,,,R_Axial_DIN0207_L6.3mm_D2.5mm_P10.16mm_Horizontal,68,tht
157.48,-99.695,90.0,top,R2,,,R_Axial_DIN0207_L6.3mm_D2.5mm_P10.16mm_Horizontal,470,tht
142.24,-88.9,0.0,top,R3,,,R_Axial_DIN0207_L6.3mm_D2.5mm_P10.16mm_Horizontal,10k,tht
181.575,-107.75,180.0,top,SW1,,,SW_PUSH_6mm_H5mm,RESET,tht
187.96,-54.61,-90.0,top,U1,,,DIP-20_W7.62mm,74HTC541,tht
154.94,-54.61,-90.0,top,U2,,,DIP-20_W7.62mm,74HCT541,tht
97.79,-62.23,90.0,top,U3,,,DIP-20_W7.62mm,74HCT541,tht
158.115,-77.47,90.0,top,U4,,,DIP-20_W7.62mm,74HTC377,tht
132.08,-69.85,-90.0,top,U5,,,DIP-28_W15.24mm,62256,tht
99.06,-107.95,90.0,top,U6,,,DIP-40_W15.24mm_Socket,ATmega8515-16,tht
