﻿Designator,Quantity,Value,Footprint,Package,MPN,DNP,Mount_Type
"C1, C2, C3, C4, C5, C6",6,100nF,C_C,,,,tht
D1,1,BUSY,LED-5MM,,,,tht
M1,1,SD,SD_MODULE,,,,tht
P1,1,CONN_02X18,BUS_CART,,,,tht
R1,1,68,R_Axial_DIN0207_L6.3mm_D2.5mm_P10.16mm_Horizontal,,,,tht
R2,1,470,R_Axial_DIN0207_L6.3mm_D2.5mm_P10.16mm_Horizontal,,,,tht
R3,1,10k,R_Axial_DIN0207_L6.3mm_D2.5mm_P10.16mm_Horizontal,,,,tht
SW1,1,RESET,SW_PUSH_6mm_H5mm,,,,tht
U1,1,74HTC541,DIP-20_W7.62mm,,,,tht
"U2, U3",2,74HCT541,DIP-20_W7.62mm,,,,tht
U4,1,74HTC377,DIP-20_W7.62mm,,,,tht
U5,1,62256,DIP-28_W15.24mm,,,,tht
U6,1,ATmega8515-16,DIP-40_W15.24mm_Socket,,,,tht
